name,characteristics,"('Платье VIVAWOOL', 586010737)","('Платье ТВОЕ', 486718207)","('Туника Опт-мода', 513130826)","('Платье НиРо Большие размеры', 403824111)","('Платье ТВОЕ', 224568134)","('Платье', 654550208)","('Платье ТВОЕ', 445688388)","('Платье ТВОЕ', 599158171)","('Платье Happyfox Для женщин', 604962690)","('Сарафан ИВАНОВНА', 634016241)","('Платье', 647428029)","('Платье', 654644362)","('Платье AlicaTeks37', 466918034)","('Платье ТВОЕ', 629798338)","('Платье ТВОЕ', 578752731)","('Сарафан Опт-мода', 228949215)","('Платье', 647324846)","('Платье The One Infinity Story by Alena Rafikova', 240667056)","('Сарафан Опт-мода', 228919573)","('Платье Milugion', 583903245)","('Платье ТВОЕ', 547640747)","('Платье', 655615942)","('Платье Опт-мода', 479529304)","('Платье', 586638397)","('Платье fadjo', 531865101)","('Платье Milugion', 583905571)","('Платье', 647368057)","('Платье', 647391400)","('Платье ZARKA', 264576616)","('Платье ТВОЕ', 499925686)","('Туника IHOMELUX Женская коллекция', 281163410)","('Платье Fashion AnastatioN', 383468158)","('Платье', 655615593)","('Сарафан POLNOLUNIE', 576808060)"
"('Платье VIVAWOOL', 586010737)","{'description': nan, 'Сезон': 'На любой сезон', 'Коллекция': 'Весна-лето 2022', 'Тип': 'Платье', 'Бренд в одежде и обуви': 'VIVAWOOL', 'Российский размер': '46', 'Пол': 'Женский', 'Страна-изготовитель': 'Киргизия', 'Вид принта': 'Однотонный', 'Вид одежды': 'А-силуэт', 'Размер производителя': '46', 'Длина изделия, см': '112', 'Цвет': 'Красный', 'Материал': ""['50%хлопок, 50%пан']"", 'Стиль': nan, 'Размер товара на фото': nan, 'Рост модели на фото': nan, 'Инструкция по уходу': nan, 'Тип застежки': nan, 'Длина рукава': nan, 'Длина подола': nan, 'Талия': nan, 'Тип упаковки одежды': nan, 'Рост': nan, 'Параметры модели на фото': nan, 'Количество в упаковке': nan, 'Серия в одежде и обуви': nan, 'Материал подклада/внутренней отделки': nan, 'Детали': nan, 'Вид спорта': nan}",100.0,34.48,29.31,15.52,29.31,12.07,31.03,32.76,32.76,15.52,12.07,12.07,8.62,27.59,32.76,32.76,12.07,15.52,46.55,18.97,32.76,12.07,32.76,29.31,12.07,18.97,12.07,13.79,12.07,32.76,29.31,18.97,13.79,12.07
"('Платье ТВОЕ', 486718207)","{'description': 'стильное и комфортное платье изготовлено из мягкой, тактильно-приятной ткани. базовый элемент женского гардероба на каждый день.', 'Сезон': 'На любой сезон', 'Коллекция': 'Весна-лето 2022', 'Тип': 'Платье', 'Бренд в одежде и обуви': 'ТВОЕ', 'Российский размер': '46', 'Пол': 'Женский', 'Страна-изготовитель': 'Россия', 'Вид принта': 'Однотонный', 'Вид одежды': 'приталенная', 'Размер производителя': 'M', 'Длина изделия, см': nan, 'Цвет': 'Черный', 'Материал': ""['лен', 'Полиэстер', '92% Полиэстер, 8% Лайкра']"", 'Стиль': 'Повседневный', 'Размер товара на фото': '44', 'Рост модели на фото': '173 см', 'Инструкция по уходу': 'стирка при t не более 30С; щадящий режим отжима', 'Тип застежки': 'Без застежки', 'Длина рукава': 'Длинный', 'Длина подола': 'средняя длина', 'Талия': 'Стандартная', 'Тип упаковки одежды': 'Пакет', 'Рост': nan, 'Параметры модели на фото': nan, 'Количество в упаковке': nan, 'Серия в одежде и обуви': nan, 'Материал подклада/внутренней отделки': nan, 'Детали': nan, 'Вид спорта': nan}",34.48,100.0,37.93,25.86,55.17,12.07,79.31,60.34,41.38,18.97,13.79,25.86,31.03,60.34,48.28,55.17,12.07,27.59,41.38,24.14,56.9,12.07,62.07,15.52,18.97,24.14,12.07,27.59,34.48,56.9,41.38,25.86,13.79,17.24
"('Туника Опт-мода', 513130826)","{'description': 'нежно-розовое платье летнее женское прямого кроя без рукавов с круглым неглубоким вырезом. платье летнее длиной в пол имеет необычный подол порезанный бахромой от колена. в жаркую погоду это решение дает дополнительную свежесть и игривость. платье трикотажное женское можно одеть на природу и у водоема с легкостью помочить ноги по колено, ведь низ платья легко приподнимается. этот фасон подойдет для активного отдыха ー ткань не мешается под ногами и не сковывает движений. хорошей идеей будет взять платье для беременных в отпуск или для прогулок по городу в жаркую погоду. если вы любите всегда быть женственной и при параде носите его как домашнее платье женское ー это только украсит привычные будни. для курортных дискотек носить можно как платье женское вечернее. такая модель платья доступна к покупке в разных мерках, в том числе можно купить и платье женское больших размеров. платье вечернее женское уместно носить с обувью и на каблуке, и на плоской подошве. красиво выглядеть будет женское платье и с кроссовками. дизайн модели минималистичен и образ выглядит завершенным и без украшений, но при желании его можно дополнить любыми аксессуарами по вашему желанию. ткань не прилегает плотно к телу, а ложиться струящейся волной ー это позволяет скрывать недостатки на проблемных местах и ненавязчиво создает акцент на груди и бедрах. полукруглый вырез горловины ниже линии ключиц обнажает линию плеч и шеи, на которой будут видны цепочки, бусы, ожерелья и другие украшения.', 'Сезон': 'На любой сезон', 'Коллекция': 'Весна-лето 2021', 'Тип': 'Платье', 'Бренд в одежде и обуви': 'Опт-мода', 'Российский размер': '44', 'Пол': 'Женский', 'Страна-изготовитель': 'Россия', 'Вид принта': 'Однотонный', 'Вид одежды': nan, 'Размер производителя': '44', 'Длина изделия, см': 'Платье: 80 см', 'Цвет': 'Персик', 'Материал': ""['лен', 'трикотаж', 'Вискоза', '100% Вискоза ']"", 'Стиль': nan, 'Размер товара на фото': '42', 'Рост модели на фото': '175 см', 'Инструкция по уходу': nan, 'Тип застежки': 'Без застежки', 'Длина рукава': 'Три четверти', 'Длина подола': 'средняя длина', 'Талия': 'Стандартная', 'Тип упаковки одежды': 'Пакет', 'Рост': '160-170', 'Параметры модели на фото': '82-60-95', 'Количество в упаковке': 1.0, 'Серия в одежде и обуви': nan, 'Материал подклада/внутренней отделки': nan, 'Детали': nan, 'Вид спорта': nan}",29.31,37.93,100.0,32.76,34.48,8.62,37.93,37.93,37.93,20.69,8.62,8.62,17.24,29.31,32.76,50.0,8.62,24.14,50.0,25.86,36.21,8.62,41.38,10.34,18.97,29.31,15.52,8.62,17.24,37.93,37.93,32.76,8.62,13.79
"('Платье НиРо Большие размеры', 403824111)","{'description': nan, 'Сезон': 'На любой сезон', 'Коллекция': 'Базовая коллекция', 'Тип': 'Платье', 'Бренд в одежде и обуви': 'НиРо', 'Российский размер': '70', 'Пол': 'Женский', 'Страна-изготовитель': 'Россия', 'Вид принта': 'Цветочный', 'Вид одежды': 'свободная модель', 'Размер производителя': '70', 'Длина изделия, см': '105', 'Цвет': 'Малиновый', 'Материал': ""['Хлопок', '100% хлопок']"", 'Стиль': 'Повседневный', 'Размер товара на фото': '52-54', 'Рост модели на фото': '163 см', 'Инструкция по уходу': 'бережная стирка при 30 градусах', 'Тип застежки': 'Без застежки', 'Длина рукава': 'Три четверти', 'Длина подола': 'средняя длина', 'Талия': 'Стандартная', 'Тип упаковки одежды': 'Пакет', 'Рост': '164-168', 'Параметры модели на фото': '102-82-110', 'Количество в упаковке': 1.0, 'Серия в одежде и обуви': 'Большие размеры', 'Материал подклада/внутренней отделки': 'Без подклада', 'Детали': nan, 'Вид спорта': nan}",15.52,25.86,32.76,100.0,20.69,8.62,25.86,22.41,22.41,24.14,10.34,8.62,34.48,17.24,20.69,31.03,8.62,25.86,31.03,22.41,24.14,8.62,24.14,10.34,17.24,22.41,15.52,8.62,18.97,24.14,37.93,27.59,8.62,13.79
"('Платье ТВОЕ', 224568134)","{'description': nan, 'Сезон': 'На любой сезон', 'Коллекция': 'Осень-зима 2021', 'Тип': 'Платье', 'Бренд в одежде и обуви': 'ТВОЕ', 'Российский размер': '44', 'Пол': 'Женский', 'Страна-изготовитель': 'Россия', 'Вид принта': 'Однотонный', 'Вид одежды': 'мини', 'Размер производителя': 'S', 'Длина изделия, см': nan, 'Цвет': 'Черный', 'Материал': ""['Полиэстер', '92% Полиэстер; 8% Лайкра']"", 'Стиль': 'Повседневный', 'Размер товара на фото': '44', 'Рост модели на фото': nan, 'Инструкция по уходу': 'стирка при t не более 30С; щадящий режим отжима', 'Тип застежки': nan, 'Длина рукава': nan, 'Длина подола': 'укороченная модель', 'Талия': nan, 'Тип упаковки одежды': 'Пакет', 'Рост': nan, 'Параметры модели на фото': nan, 'Количество в упаковке': nan, 'Серия в одежде и обуви': nan, 'Материал подклада/внутренней отделки': nan, 'Детали': nan, 'Вид спорта': nan}",29.31,55.17,34.48,20.69,100.0,8.62,58.62,58.62,34.48,18.97,10.34,22.41,25.86,50.0,41.38,48.28,8.62,18.97,36.21,20.69,39.66,8.62,50.0,10.34,12.07,22.41,10.34,22.41,27.59,43.1,36.21,20.69,8.62,17.24
"('Платье', 654550208)","{'description': nan, 'Сезон': 'Лето', 'Коллекция': 'Весна-лето 2022', 'Тип': 'Платье', 'Бренд в одежде и обуви': nan, 'Российский размер': '58', 'Пол': 'Женский', 'Страна-изготовитель': 'Китай', 'Вид принта': nan, 'Вид одежды': nan, 'Размер производителя': 'CN 5X', 'Длина изделия, см': nan, 'Цвет': 'Зеленый', 'Материал': ""['Полиэстр', 'Polyester91%-99%']"", 'Стиль': nan, 'Размер товара на фото': nan, 'Рост модели на фото': nan, 'Инструкция по уходу': nan, 'Тип застежки': nan, 'Длина рукава': nan, 'Длина подола': nan, 'Талия': nan, 'Тип упаковки одежды': nan, 'Рост': nan, 'Параметры модели на фото': nan, 'Количество в упаковке': nan, 'Серия в одежде и обуви': nan, 'Материал подклада/внутренней отделки': nan, 'Детали': nan, 'Вид спорта': nan}",12.07,12.07,8.62,8.62,8.62,100.0,8.62,12.07,12.07,8.62,20.69,20.69,1.72,18.97,12.07,12.07,20.69,8.62,12.07,12.07,12.07,13.79,12.07,18.97,18.97,12.07,34.48,13.79,18.97,12.07,8.62,12.07,20.69,5.17
"('Платье ТВОЕ', 445688388)","{'description': 'стильное и комфортное платье изготовлено из мягкой, тактильно-приятной ткани. базовый элемент женского гардероба на каждый день.', 'Сезон': 'На любой сезон', 'Коллекция': 'Осень-зима 2021', 'Тип': 'Платье', 'Бренд в одежде и обуви': 'ТВОЕ', 'Российский размер': '46', 'Пол': 'Женский', 'Страна-изготовитель': 'Россия', 'Вид принта': 'Однотонный', 'Вид одежды': 'приталенная', 'Размер производителя': 'M', 'Длина изделия, см': nan, 'Цвет': 'Черный', 'Материал': ""['Поливискоза', '95% Поливискоза; 5% Лайкра', 'лен']"", 'Стиль': 'Повседневный', 'Размер товара на фото': '44', 'Рост модели на фото': '172 см', 'Инструкция по уходу': 'стирка при t не более 30С; щадящий режим отжима', 'Тип застежки': 'Без застежки', 'Длина рукава': 'Длинный', 'Длина подола': 'средняя длина', 'Талия': 'Стандартная', 'Тип упаковки одежды': 'Пакет', 'Рост': nan, 'Параметры модели на фото': nan, 'Количество в упаковке': nan, 'Серия в одежде и обуви': nan, 'Материал подклада/внутренней отделки': nan, 'Детали': nan, 'Вид спорта': nan}",31.03,79.31,37.93,25.86,58.62,8.62,100.0,56.9,37.93,18.97,10.34,22.41,31.03,58.62,43.1,53.45,8.62,27.59,37.93,20.69,55.17,8.62,58.62,12.07,15.52,20.69,8.62,24.14,31.03,53.45,41.38,22.41,10.34,13.79
"('Платье ТВОЕ', 599158171)","{'description': 'стильное и комфортное платье изготовлено из мягкой, тактильно-приятной ткани. базовый элемент женского гардероба на каждый день.', 'Сезон': 'На любой сезон', 'Коллекция': 'Весна-лето 2022', 'Тип': 'Платье', 'Бренд в одежде и обуви': 'ТВОЕ', 'Российский размер': '44', 'Пол': 'Женский', 'Страна-изготовитель': 'Россия', 'Вид принта': 'Однотонный', 'Вид одежды': nan, 'Размер производителя': 'S', 'Длина изделия, см': nan, 'Цвет': 'Черный', 'Материал': ""['Полиэстер', '95% Поливискоза, 5% Лайкра', 'лен']"", 'Стиль': 'Повседневный', 'Размер товара на фото': nan, 'Рост модели на фото': '175 см', 'Инструкция по уходу': 'стирка при t не более 30С; щадящий режим отжима', 'Тип застежки': 'Без застежки', 'Длина рукава': nan, 'Длина подола': 'укороченная модель', 'Талия': 'Завышенная', 'Тип упаковки одежды': 'Пакет', 'Рост': nan, 'Параметры модели на фото': 'стирка при t не более 30С; щадящий режим отжима', 'Количество в упаковке': nan, 'Серия в одежде и обуви': nan, 'Материал подклада/внутренней отделки': nan, 'Детали': nan, 'Вид спорта': nan}",32.76,60.34,37.93,22.41,58.62,12.07,56.9,100.0,37.93,18.97,13.79,25.86,27.59,55.17,46.55,51.72,12.07,18.97,39.66,25.86,44.83,12.07,53.45,13.79,15.52,27.59,13.79,25.86,32.76,50.0,36.21,25.86,12.07,20.69
"('Платье Happyfox Для женщин', 604962690)","{'description': 'женское платье-майка насыщенного цвета с эффектными разрезами по бокам. длинное платье выполнено из 100% хлопка – идеально для лета! удобный фасон платья не стесняет движений, можно носить как повседневное или домашнее, сочетать как с туфлями, так и с кроссовками и кедами. хорошо подходит для высоких как платье миди и для среднего роста как платье макси. удобный крой для беременных. платье хорошо смотрится на любом типе фигуры: и на стройняшках, и на пышных формах. широкий размерный ряд, есть большие размеры: 44, 46, 48, 50, 52. модель светлана, рост 171, 85-65-90, на ней платье размера 44.', 'Сезон': 'На любой сезон', 'Коллекция': 'Весна-лето 2022', 'Тип': 'Платье', 'Бренд в одежде и обуви': 'Happyfox', 'Российский размер': '42', 'Пол': 'Женский', 'Страна-изготовитель': 'Россия', 'Вид принта': 'Однотонный', 'Вид одежды': 'платье-майка', 'Размер производителя': '44', 'Длина изделия, см': '127', 'Цвет': 'Сухая.трава', 'Материал': ""['Трикотаж', '100% хлопок']"", 'Стиль': 'Домашний', 'Размер товара на фото': '44', 'Рост модели на фото': '171 см', 'Инструкция по уходу': 'Бережная стирка при t не более 30С', 'Тип застежки': 'Без застежки', 'Длина рукава': 'Без рукавов', 'Длина подола': 'удлиненная модель', 'Талия': 'Стандартная', 'Тип упаковки одежды': 'Пакет', 'Рост': nan, 'Параметры модели на фото': '85-65-90', 'Количество в упаковке': nan, 'Серия в одежде и обуви': 'Для женщин', 'Материал подклада/внутренней отделки': 'Хлопок', 'Детали': 'Разрезы', 'Вид спорта': nan}",32.76,41.38,37.93,22.41,34.48,12.07,37.93,37.93,100.0,18.97,12.07,12.07,15.52,41.38,46.55,41.38,13.79,22.41,41.38,24.14,39.66,12.07,41.38,13.79,20.69,25.86,12.07,12.07,22.41,41.38,37.93,24.14,12.07,15.52
"('Сарафан ИВАНОВНА', 634016241)","{'description': 'летнее трикотажное платье с модными рукавами. нежный женственный рисунок - розочки. эта туника универсальная одежда: ее можно носить как летнее платье-сарафан, так и одевать дома. приятная натуральная ткань из 100% хлопка подарить комфорт, уют, в жару не даст вспотеть', 'Сезон': 'На любой сезон', 'Коллекция': 'Базовая коллекция', 'Тип': 'Платье', 'Бренд в одежде и обуви': 'ИВАНОВНА', 'Российский размер': '48', 'Пол': 'Женский', 'Страна-изготовитель': 'Россия', 'Вид принта': nan, 'Вид одежды': nan, 'Размер производителя': '48', 'Длина изделия, см': nan, 'Цвет': 'Т-304Р (синий, розовый)', 'Материал': ""['Кулирная гладь', '100% хлопок', 'трикотаж']"", 'Стиль': nan, 'Размер товара на фото': '46', 'Рост модели на фото': '165 см', 'Инструкция по уходу': 'Бережная стирка при 30С', 'Тип застежки': nan, 'Длина рукава': nan, 'Длина подола': nan, 'Талия': nan, 'Тип упаковки одежды': 'Пакет', 'Рост': '165-170', 'Параметры модели на фото': nan, 'Количество в упаковке': 1.0, 'Серия в одежде и обуви': nan, 'Материал подклада/внутренней отделки': nan, 'Детали': nan, 'Вид спорта': nan}",15.52,18.97,20.69,24.14,18.97,8.62,18.97,18.97,18.97,100.0,8.62,8.62,18.97,12.07,17.24,24.14,8.62,25.86,24.14,20.69,17.24,8.62,20.69,10.34,13.79,20.69,8.62,8.62,13.79,20.69,22.41,18.97,8.62,12.07
"('Платье', 647428029)","{'description': 'узор: цветочный<br>\nназвание ткани: полиэфирное волокно<br>\nсодержание ингредиентов: 71%-80%<br>\nтип стиля: темперамент загородный<br>\nрыночный год/сезон: лето 2022 г.<br>\nкомбинированная форма: одна деталь<br>\nкатегория юбки: платье<br>\nстиль: слинг<br>\nприменимый сезон: лето<br>', 'Сезон': 'Лето', 'Коллекция': 'Весна-лето 2022', 'Тип': 'Платье', 'Бренд в одежде и обуви': nan, 'Российский размер': '52', 'Пол': 'Женский', 'Страна-изготовитель': 'Китай', 'Вид принта': nan, 'Вид одежды': nan, 'Размер производителя': '3XL', 'Длина изделия, см': nan, 'Цвет': 'Разноцветный', 'Материал': ""['Полиэстер', '71%-80% Polyester']"", 'Стиль': 'Повседневный', 'Размер товара на фото': nan, 'Рост модели на фото': nan, 'Инструкция по уходу': nan, 'Тип застежки': nan, 'Длина рукава': 'Короткий', 'Длина подола': nan, 'Талия': nan, 'Тип упаковки одежды': nan, 'Рост': nan, 'Параметры модели на фото': nan, 'Количество в упаковке': nan, 'Серия в одежде и обуви': nan, 'Материал подклада/внутренней отделки': nan, 'Детали': nan, 'Вид спорта': nan}",12.07,13.79,8.62,10.34,10.34,20.69,10.34,13.79,12.07,8.62,100.0,20.69,8.62,20.69,13.79,12.07,29.31,8.62,12.07,18.97,13.79,13.79,12.07,18.97,25.86,18.97,20.69,13.79,29.31,13.79,17.24,12.07,20.69,6.9
"('Платье', 654644362)","{'description': nan, 'Сезон': 'Лето', 'Коллекция': 'Весна-лето 2022', 'Тип': 'Платье', 'Бренд в одежде и обуви': nan, 'Российский размер': '54', 'Пол': 'Женский', 'Страна-изготовитель': 'Китай', 'Вид принта': nan, 'Вид одежды': nan, 'Размер производителя': 'CN 3X', 'Длина изделия, см': nan, 'Цвет': 'Черный', 'Материал': ""['Полиэстр', 'Polyester']"", 'Стиль': nan, 'Размер товара на фото': nan, 'Рост модели на фото': nan, 'Инструкция по уходу': nan, 'Тип застежки': nan, 'Длина рукава': nan, 'Длина подола': nan, 'Талия': nan, 'Тип упаковки одежды': nan, 'Рост': nan, 'Параметры модели на фото': nan, 'Количество в упаковке': nan, 'Серия в одежде и обуви': nan, 'Материал подклада/внутренней отделки': nan, 'Детали': nan, 'Вид спорта': nan}",12.07,25.86,8.62,8.62,22.41,20.69,22.41,25.86,12.07,8.62,20.69,100.0,15.52,32.76,12.07,25.86,20.69,8.62,12.07,12.07,12.07,13.79,25.86,18.97,18.97,12.07,20.69,27.59,32.76,12.07,10.34,12.07,20.69,5.17
"('Платье AlicaTeks37', 466918034)","{'description': 'женское платье - туника с коротким рукавом и интересным контрастным принтом. мы отшиваем одежду на собственном производстве и гарантируем отличное качество и доступность цен. трикотажная туника выполнена из 100% хлопка, размерная сетка включает в себя большие размеры. удобная хлопковая туника свободного покроя подойдет и как повседневная летняя на прогулку,  и как домашняя. удлиненная свободная туника подходит на разные типы фигур, будет удобна для беременных. отличный вариант домашней женской одежды, который позволяет скрыть все недостатки и подчеркнуть достоинства. женское свободное платье - отличный подарок для всех девушек и женщин! ', 'Сезон': 'На любой сезон', 'Коллекция': 'Базовая коллекция', 'Тип': 'Туника', 'Бренд в одежде и обуви': 'AlicaTeks37', 'Российский размер': '62-164', 'Пол': 'Женский', 'Страна-изготовитель': 'Россия', 'Вид принта': 'Цветочный', 'Вид одежды': nan, 'Размер производителя': '62', 'Длина изделия, см': nan, 'Цвет': 'Черный', 'Материал': ""['Кулирная гладь', '100%хлопок', 'трикотаж']"", 'Стиль': nan, 'Размер товара на фото': '46', 'Рост модели на фото': '165 см', 'Инструкция по уходу': nan, 'Тип застежки': 'Без застежки', 'Длина рукава': 'Короткий', 'Длина подола': 'средняя длина', 'Талия': 'Стандартная', 'Тип упаковки одежды': 'Пакет', 'Рост': '164-170', 'Параметры модели на фото': nan, 'Количество в упаковке': nan, 'Серия в одежде и обуви': nan, 'Материал подклада/внутренней отделки': nan, 'Детали': nan, 'Вид спорта': nan}",8.62,31.03,17.24,34.48,25.86,1.72,31.03,27.59,15.52,18.97,8.62,15.52,100.0,22.41,12.07,29.31,8.62,17.24,15.52,20.69,15.52,1.72,29.31,3.45,15.52,20.69,1.72,15.52,31.03,15.52,27.59,13.79,1.72,12.07
"('Платье ТВОЕ', 629798338)","{'description': 'стильное и комфортное платье изготовлено из мягкой, тактильно-приятной ткани. базовый элемент женского гардероба на каждый день.', 'Сезон': 'Лето', 'Коллекция': 'Весна-лето 2022', 'Тип': 'Платье', 'Бренд в одежде и обуви': 'ТВОЕ', 'Российский размер': '46', 'Пол': 'Женский', 'Страна-изготовитель': 'Россия', 'Вид принта': 'Однотонный', 'Вид одежды': 'платье-майка', 'Размер производителя': 'M', 'Длина изделия, см': nan, 'Цвет': 'Черный', 'Материал': ""['лен', 'Полиэстер', '89% Полиэстер, 11% Лайкра']"", 'Стиль': 'Повседневный', 'Размер товара на фото': '44', 'Рост модели на фото': '172 см', 'Инструкция по уходу': 'стирка при t не более 30С; щадящий режим отжима', 'Тип застежки': 'Без застежки', 'Длина рукава': nan, 'Длина подола': 'укороченная модель', 'Талия': 'Стандартная', 'Тип упаковки одежды': 'Пакет', 'Рост': nan, 'Параметры модели на фото': nan, 'Количество в упаковке': nan, 'Серия в одежде и обуви': nan, 'Материал подклада/внутренней отделки': nan, 'Детали': nan, 'Вид спорта': nan}",27.59,60.34,29.31,17.24,50.0,18.97,58.62,55.17,41.38,12.07,20.69,32.76,22.41,100.0,48.28,50.0,18.97,13.79,36.21,18.97,43.1,12.07,50.0,22.41,24.14,18.97,18.97,27.59,41.38,44.83,32.76,18.97,20.69,10.34
"('Платье ТВОЕ', 578752731)","{'description': 'стильное и комфортное платье изготовлено из мягкой, тактильно-приятной ткани. базовый элемент женского гардероба на каждый день.', 'Сезон': 'На любой сезон', 'Коллекция': 'Весна-лето 2022', 'Тип': 'Платье', 'Бренд в одежде и обуви': 'ТВОЕ', 'Российский размер': '42', 'Пол': 'Женский', 'Страна-изготовитель': 'Россия', 'Вид принта': 'Однотонный', 'Вид одежды': 'платье-майка', 'Размер производителя': 'XS', 'Длина изделия, см': nan, 'Цвет': 'Сиреневый', 'Материал': ""['лен', 'Хлопок', '92% Хлопок; 8% Лайкра']"", 'Стиль': 'Повседневный', 'Размер товара на фото': '44', 'Рост модели на фото': '173 см', 'Инструкция по уходу': 'стирка при t не более 30С; щадящий режим отжима', 'Тип застежки': 'Без застежки', 'Длина рукава': nan, 'Длина подола': 'укороченная модель', 'Талия': nan, 'Тип упаковки одежды': nan, 'Рост': nan, 'Параметры модели на фото': nan, 'Количество в упаковке': nan, 'Серия в одежде и обуви': nan, 'Материал подклада/внутренней отделки': nan, 'Детали': nan, 'Вид спорта': nan}",32.76,48.28,32.76,20.69,41.38,12.07,43.1,46.55,46.55,17.24,13.79,12.07,12.07,48.28,100.0,37.93,12.07,17.24,39.66,22.41,78.17,12.07,39.66,12.07,15.52,22.41,12.07,12.07,17.24,48.28,36.21,20.69,12.07,15.52
"('Сарафан Опт-мода', 228949215)","{'description': 'классическое черное платье с воланом внизу создает эффект легкости и непринужденности. оно прекрасно смотрится как платье вечернее женское и олицетворяет грацию, утонченность, стиль. сделанное из бархата-стрейча, женское платье как никогда способно отразить вашу красоту. платье трикотажное женское обладает уникальным свойством - оно создает каждой его обладательнице образ молодой и нежной девушки. наше изделие можно смело носить и зимой, и летом. женское платье теплое, приятное к телу, в нем вы точно не замерзните. а в жаркий сезон платье летнее точно смело наденешь, когда пойдешь на свидание или прогулку с друзьями. платье вечернее женское подойдет и в качестве делового образа. добавишь несколько элементов и платье летнее женское превращается в роскошный и, возможно, эпатажный наряд. наше брендовое изделие может позволить себе каждая. и здесь дело не только в демократичных ценах! но и в том, что наше платье женское больших размеров! и да. неотразимой можно быть и дома, платье домашнее женское точно придется тебе по вкусу.', 'Сезон': 'На любой сезон', 'Коллекция': 'Весна-лето 2022', 'Тип': 'Платье', 'Бренд в одежде и обуви': 'Опт-мода', 'Российский размер': '48', 'Пол': 'Женский', 'Страна-изготовитель': 'Россия', 'Вид принта': 'Однотонный', 'Вид одежды': 'для беременных', 'Размер производителя': '48', 'Длина изделия, см': 'Платье: 86 см', 'Цвет': 'Черный', 'Материал': ""['Милано', 'Полиэстер 65%, Вискоза 30%, Лайкра 5%', 'бархат', 'трикотаж']"", 'Стиль': nan, 'Размер товара на фото': '44', 'Рост модели на фото': '172 см', 'Инструкция по уходу': nan, 'Тип застежки': 'Без застежки', 'Длина рукава': 'Три четверти', 'Длина подола': nan, 'Талия': 'Стандартная', 'Тип упаковки одежды': 'Пакет', 'Рост': '160-170', 'Параметры модели на фото': '88-60-90', 'Количество в упаковке': 1.0, 'Серия в одежде и обуви': nan, 'Материал подклада/внутренней отделки': nan, 'Детали': nan, 'Вид спорта': nan}",32.76,55.17,50.0,31.03,48.28,12.07,53.45,51.72,41.38,24.14,12.07,25.86,29.31,50.0,37.93,100.0,12.07,24.14,62.07,25.86,41.38,12.07,60.34,13.79,18.97,25.86,18.97,25.86,34.48,43.1,37.93,31.03,12.07,15.52
"('Платье', 647324846)","{'description': 'особенности товара:<br>\nсезон:лето<br>\nпол:для женщин<br>\nматериал:хлопок и лен<br>\nукрашение:нет<br>\nдлина одежды:длинный<br>\nдлина рукава:sгорт<br>\nворотник:круглый вырез<br>\nтип узора:принт<br>\nстиль:повседневный/повседневный<br>\nсилуэт:свободный<br>\nчто вы получаете:1 платье<br>\nхарактеристика:<br>\nспециальный цветочныйпринтдизайн.<br>\nон изготовлен из высококачественных материалов, прочный <br>для повседневной носки!<br>\nэто отличный подарок для ваших любимых или вас<br>\n<br>\nесли вы не удовлетворены этим продуктом после получения товара, пожалуйста, не спешите оставлять плохой отзыв, пожалуйста, свяжитесь с нами, мы дадим вам лучшее решение!', 'Сезон': 'Лето', 'Коллекция': 'Весна-лето 2022', 'Тип': 'Платье', 'Бренд в одежде и обуви': nan, 'Российский размер': '52', 'Пол': 'Женский', 'Страна-изготовитель': 'Китай', 'Вид принта': nan, 'Вид одежды': nan, 'Размер производителя': '4XL', 'Длина изделия, см': nan, 'Цвет': 'Цветочный принт 2', 'Материал': ""['лен', 'хлопок', 'Искусственный лен', '81%-90%']"", 'Стиль': 'Пляжный', 'Размер товара на фото': nan, 'Рост модели на фото': nan, 'Инструкция по уходу': nan, 'Тип застежки': nan, 'Длина рукава': 'Короткий', 'Длина подола': nan, 'Талия': nan, 'Тип упаковки одежды': nan, 'Рост': nan, 'Параметры модели на фото': nan, 'Количество в упаковке': nan, 'Серия в одежде и обуви': nan, 'Материал подклада/внутренней отделки': 'Хлопок', 'Детали': nan, 'Вид спорта': nan}",12.07,12.07,8.62,8.62,8.62,20.69,8.62,12.07,13.79,8.62,29.31,20.69,8.62,18.97,12.07,12.07,100.0,8.62,12.07,18.97,12.07,13.79,12.07,18.97,27.59,18.97,20.69,13.79,29.31,12.07,15.52,12.07,20.69,5.17
"('Платье The One Infinity Story by Alena Rafikova', 240667056)","{'description': 'романтичное платье в горох-прекрасный вариант, как повседневного наряда, так и лука на праздничное мероприятие. такой фасон платья придаст изящность и легкость фигуре, тканевый пояс подчеркнет талию, а длина макси поможет скрыть недостатки фигуры. воротник-стойка смотрится утонченно и женственно. спереди платье в горох застегивается на пуговицы. вертикальное расположение пуговиц зрительно удлиняет силуэт. данная модель платья комфортна в носке, благодаря хорошему составу ткани-высококачественной вискозе. платье сочетается как с каблуком, так и с обувью на плоской подошве. эта модель платья имеет разнообразную цветовую палитру, поэтому у вас есть возможность выбрать свой любимый и подходящий вам по типу кожи цвет. эта базовая вещь станет любимой в вашем гардеробе.', 'Сезон': 'На любой сезон', 'Коллекция': 'Базовая коллекция', 'Тип': 'Платье', 'Бренд в одежде и обуви': 'The One Infinity Story by Alena Rafikova', 'Российский размер': '48', 'Пол': 'Женский', 'Страна-изготовитель': 'Россия', 'Вид принта': 'Горох', 'Вид одежды': nan, 'Размер производителя': nan, 'Длина изделия, см': '130', 'Цвет': 'Темно-бордовый', 'Материал': ""['вискоз', 'Вискоза', 'эластан 5%, вискоза 50%, полиэстер 45%']"", 'Стиль': nan, 'Размер товара на фото': '42', 'Рост модели на фото': '174 см', 'Инструкция по уходу': 'Бережная стирка при 30 градусах.', 'Тип застежки': 'Пуговицы/Пуговица', 'Длина рукава': 'Длинный', 'Длина подола': 'удлиненная модель', 'Талия': 'Стандартная', 'Тип упаковки одежды': 'Пакет', 'Рост': '165-175', 'Параметры модели на фото': '89, 60, 88/174/42', 'Количество в упаковке': 1.0, 'Серия в одежде и обуви': nan, 'Материал подклада/внутренней отделки': nan, 'Детали': 'Пояс/ремень', 'Вид спорта': nan}",15.52,27.59,24.14,25.86,18.97,8.62,27.59,18.97,22.41,25.86,8.62,8.62,17.24,13.79,17.24,24.14,8.62,100.0,24.14,24.14,27.59,8.62,31.03,12.07,32.76,24.14,8.62,8.62,15.52,29.31,25.86,22.41,8.62,12.07
"('Сарафан Опт-мода', 228919573)","{'description': 'страстное, броское, стильное женское платье покорит женщину любого возраста. изделие сделано из бархатного стрейча, поэтому платье трикотажное женское идеально сядет, не будет мяться и растягиваться со временем. женщины размера plus-size тоже смогут приобрести наше роскошное изделие, ведь наше платье больших размеров, а также отлично подойдет платье для беременных. платье средней длины, поэтому его можно носить на работу, встречу с друзьями, а также использовать как платье женское вечернее. за счет дерзкой косухи, ботфортов платье вечернее женское превращается в стильный повседневный образ. в нем не страшно гулять в морозную погоду, ведь оно отлично подходит как платье женское теплое. но и в путешествии оно смотрится гармонично, волан внизу подола создает игривое настроение, поэтому наше изделие можно смело представить и как платье летнее женское. уверяем, на берегу моря вы будете самой элегантной и красивой, в этом вам поможет наше брендовое платье летнее.', 'Сезон': 'На любой сезон', 'Коллекция': 'Весна-лето 2022', 'Тип': 'Платье', 'Бренд в одежде и обуви': 'Опт-мода', 'Российский размер': '48', 'Пол': 'Женский', 'Страна-изготовитель': 'Россия', 'Вид принта': 'Однотонный', 'Вид одежды': nan, 'Размер производителя': '48', 'Длина изделия, см': 'Платье: 86 см', 'Цвет': 'Красный', 'Материал': ""['бархат', 'трикотаж', 'Милано', 'Полиэстер 65%, Вискоза 30%, Лайкра 5%']"", 'Стиль': nan, 'Размер товара на фото': '44', 'Рост модели на фото': '170 см', 'Инструкция по уходу': nan, 'Тип застежки': 'Без застежки', 'Длина рукава': 'Три четверти', 'Длина подола': 'укороченная модель', 'Талия': 'Стандартная', 'Тип упаковки одежды': 'Пакет', 'Рост': '160-170', 'Параметры модели на фото': '88-60-90', 'Количество в упаковке': 1.0, 'Серия в одежде и обуви': nan, 'Материал подклада/внутренней отделки': nan, 'Детали': nan, 'Вид спорта': nan}",46.55,41.38,50.0,31.03,36.21,12.07,37.93,39.66,41.38,24.14,12.07,12.07,15.52,36.21,39.66,62.07,12.07,24.14,100.0,27.59,39.66,12.07,50.0,27.59,18.97,27.59,18.97,12.07,20.69,44.83,37.93,31.03,12.07,15.52
"('Платье Milugion', 583903245)","{'description': 'легкое необычное платье ярких оттенков. сделает вас самой особенной и неповторимой. очень необычная ткань с 3d узором, новый тренд самых известных брендов.', 'Сезон': 'На любой сезон', 'Коллекция': 'Весна-лето 2022', 'Тип': 'Платье', 'Бренд в одежде и обуви': 'Milugion', 'Российский размер': '50', 'Пол': 'Женский', 'Страна-изготовитель': 'Россия', 'Вид принта': 'Геометрический', 'Вид одежды': nan, 'Размер производителя': '50', 'Длина изделия, см': '102', 'Цвет': 'Коралловый', 'Материал': ""['Вискоза', 'вискоза']"", 'Стиль': nan, 'Размер товара на фото': '42', 'Рост модели на фото': '175 см', 'Инструкция по уходу': 'Бережная стирка при 30 градусов', 'Тип застежки': 'Молния', 'Длина рукава': 'Короткий', 'Длина подола': 'укороченная модель', 'Талия': 'Стандартная', 'Тип упаковки одежды': 'Пакет', 'Рост': nan, 'Параметры модели на фото': '90/62/90', 'Количество в упаковке': 1.0, 'Серия в одежде и обуви': nan, 'Материал подклада/внутренней отделки': nan, 'Детали': 'Бант/завязки', 'Вид спорта': 'Танцы'}",18.97,24.14,25.86,22.41,20.69,12.07,20.69,25.86,24.14,20.69,18.97,12.07,20.69,18.97,22.41,25.86,18.97,24.14,27.59,100.0,24.14,13.79,31.03,13.79,27.59,88.24,12.07,12.07,25.86,27.59,29.31,29.31,12.07,15.52
"('Платье ТВОЕ', 547640747)","{'description': 'стильное и комфортное платье изготовлено из мягкой, тактильно-приятной ткани. базовый элемент женского гардероба на каждый день.', 'Сезон': 'На любой сезон', 'Коллекция': 'Весна-лето 2022', 'Тип': 'Платье', 'Бренд в одежде и обуви': 'ТВОЕ', 'Российский размер': '50', 'Пол': 'Женский', 'Страна-изготовитель': 'Молдова', 'Вид принта': 'Однотонный', 'Вид одежды': 'полуприталенная', 'Размер производителя': 'XL', 'Длина изделия, см': nan, 'Цвет': 'Светло-бежевый', 'Материал': ""['лен', 'Хлопок', '92% Хлопок; 8% Лайкра']"", 'Стиль': 'Повседневный', 'Размер товара на фото': '44', 'Рост модели на фото': '172 см', 'Инструкция по уходу': 'стирка при t не более 30С; щадящий режим отжима', 'Тип застежки': 'Без застежки', 'Длина рукава': 'Длинный', 'Длина подола': 'средняя длина', 'Талия': 'Стандартная', 'Тип упаковки одежды': 'Пакет', 'Рост': nan, 'Параметры модели на фото': nan, 'Количество в упаковке': nan, 'Серия в одежде и обуви': nan, 'Материал подклада/внутренней отделки': nan, 'Детали': 'Пояс/ремень', 'Вид спорта': nan}",32.76,56.9,36.21,24.14,39.66,12.07,55.17,44.83,39.66,17.24,13.79,12.07,15.52,43.1,78.17,41.38,12.07,27.59,39.66,24.14,100.0,13.79,48.28,13.79,24.14,22.41,12.07,13.79,18.97,55.17,39.66,29.31,25.86,15.52
"('Платье', 655615942)","{'description': nan, 'Сезон': 'Весна', 'Коллекция': 'Весна-лето 2022', 'Тип': 'Платье', 'Бренд в одежде и обуви': nan, 'Российский размер': '50', 'Пол': 'Женский', 'Страна-изготовитель': 'Китай', 'Вид принта': nan, 'Вид одежды': nan, 'Размер производителя': 'CN XL', 'Длина изделия, см': nan, 'Цвет': 'Белый', 'Материал': ""['Полиэфир', 'Polyester80%']"", 'Стиль': nan, 'Размер товара на фото': nan, 'Рост модели на фото': nan, 'Инструкция по уходу': nan, 'Тип застежки': nan, 'Длина рукава': nan, 'Длина подола': nan, 'Талия': nan, 'Тип упаковки одежды': nan, 'Рост': nan, 'Параметры модели на фото': nan, 'Количество в упаковке': nan, 'Серия в одежде и обуви': nan, 'Материал подклада/внутренней отделки': nan, 'Детали': nan, 'Вид спорта': nan}",12.07,12.07,8.62,8.62,8.62,13.79,8.62,12.07,12.07,8.62,13.79,13.79,1.72,12.07,12.07,12.07,13.79,8.62,12.07,13.79,13.79,100.0,13.79,12.07,25.86,12.07,13.79,20.69,12.07,12.07,8.62,12.07,13.79,5.17
"('Платье Опт-мода', 479529304)","{'description': 'нежнейшее черное платье женское подойдет на все случаи жизни. в нем вы будете красивы и элегантны, придя в офис, на вечеринку, встречу с семьей и друзьями. платье вечернее женское свободного силуэта, оно скроет любые несовершенства фигуры. за счет прямых полос платье трикотажное женское визуально придаст объема фигуре. вы всегда будете неотразимы в нашем изделии. платье женское вечернее средней длины, оно стройнит ноги! уникальный v-образный вырез как никогда лучше отразит острые ключицы, придаст вашему образу шика и загадочности. платье женское больших размеров! оно идеально будет смотреться и на девушках с пышными сексуальными формами. идеально платье для беременных! наше брендовое изделие можно носить в любой сезон. одновременно платье женское теплое и также платье летнее женское, потому что изделие сделано из универсального футера. женское платье можно трансформировать и носить его как домашнее платье женское. конечно, если хотите всегда выглядеть на все сто! и да! в отпуске наше платье летнее точно будет самым классным lookом вашего гардероба.', 'Сезон': 'На любой сезон', 'Коллекция': 'Весна-лето 2022', 'Тип': 'Платье', 'Бренд в одежде и обуви': 'Опт-мода', 'Российский размер': '50', 'Пол': 'Женский', 'Страна-изготовитель': 'Россия', 'Вид принта': 'Однотонный', 'Вид одежды': nan, 'Размер производителя': '50', 'Длина изделия, см': '92 см', 'Цвет': 'Черный', 'Материал': ""['трикотаж', 'футер', 'Футер', '70% Хлопок; 25% Полиэстер; 5% Лайкра']"", 'Стиль': nan, 'Размер товара на фото': '44', 'Рост модели на фото': '170 см', 'Инструкция по уходу': nan, 'Тип застежки': 'Без застежки', 'Длина рукава': 'Длинный', 'Длина подола': 'укороченная модель', 'Талия': 'Стандартная', 'Тип упаковки одежды': 'Пакет', 'Рост': '165-175', 'Параметры модели на фото': '88-62-92', 'Количество в упаковке': 1.0, 'Серия в одежде и обуви': nan, 'Материал подклада/внутренней отделки': nan, 'Детали': nan, 'Вид спорта': nan}",32.76,62.07,41.38,24.14,50.0,12.07,58.62,53.45,41.38,20.69,12.07,25.86,29.31,50.0,39.66,60.34,12.07,31.03,50.0,31.03,48.28,13.79,100.0,13.79,18.97,27.59,12.07,25.86,34.48,50.0,37.93,24.14,12.07,15.52
"('Платье', 586638397)","{'description': 'маркировка fashion. ткань бенгалин. на талии резинка. пояс в комплекте', 'Сезон': 'Лето', 'Коллекция': 'Весна-лето 2022', 'Тип': 'Платье', 'Бренд в одежде и обуви': nan, 'Российский размер': '46', 'Пол': 'Женский', 'Страна-изготовитель': 'Узбекистан', 'Вид принта': nan, 'Вид одежды': nan, 'Размер производителя': '46', 'Длина изделия, см': '95', 'Цвет': 'Красный', 'Материал': '[]', 'Стиль': nan, 'Размер товара на фото': nan, 'Рост модели на фото': nan, 'Инструкция по уходу': nan, 'Тип застежки': 'Пуговицы/Пуговица', 'Длина рукава': nan, 'Длина подола': nan, 'Талия': nan, 'Тип упаковки одежды': 'Пакет', 'Рост': nan, 'Параметры модели на фото': nan, 'Количество в упаковке': nan, 'Серия в одежде и обуви': nan, 'Материал подклада/внутренней отделки': nan, 'Детали': nan, 'Вид спорта': nan}",29.31,15.52,10.34,10.34,10.34,18.97,12.07,13.79,13.79,10.34,18.97,18.97,3.45,22.41,12.07,13.79,18.97,12.07,27.59,13.79,13.79,12.07,13.79,100.0,22.41,13.79,18.97,13.79,20.69,13.79,10.34,13.79,20.69,6.9
"('Платье fadjo', 531865101)","{'description': 'платье женское летнее/ платье женское офисное/платье на вечеринку/платье подружки невесты/платье на выпускной/выпускное платье/новогоднее плате/платье на новый год/платье на праздник/вечернее платье/платье миди/платье с коротким рукавом/платье повседневное/платье с разрезом/платье для девочки/платье для девушки/платье для высоких/платье для невысоких. рекомендации по уходу: ручная стирка при температуре не более 30с. фактура материала - шифон. длина изделия 100см, длина до талии-32 см параметры девушки на фото 88/65/94/171 см, размер 44, размер изделия 42', 'Сезон': 'Лето', 'Коллекция': 'Весна-лето 2022', 'Тип': 'Платье', 'Бренд в одежде и обуви': 'fadjo', 'Российский размер': '42', 'Пол': 'Женский', 'Страна-изготовитель': 'Россия', 'Вид принта': 'Горох', 'Вид одежды': 'полуприталенная', 'Размер производителя': '42', 'Длина изделия, см': '100 см', 'Цвет': 'Белый', 'Материал': ""['Полиэстер', 'Полиэстер 100%', 'шифон']"", 'Стиль': 'Пляжный', 'Размер товара на фото': '42', 'Рост модели на фото': '171 см', 'Инструкция по уходу': 'ручная стирка при t не более 30С; барабанная сушка запрещена', 'Тип застежки': 'Пуговицы/Пуговица', 'Длина рукава': 'Короткий', 'Длина подола': 'средняя длина', 'Талия': 'Стандартная', 'Тип упаковки одежды': 'Пакет', 'Рост': nan, 'Параметры модели на фото': '88/65/94', 'Количество в упаковке': 1.0, 'Серия в одежде и обуви': nan, 'Материал подклада/внутренней отделки': nan, 'Детали': nan, 'Вид спорта': nan}",12.07,18.97,18.97,17.24,12.07,18.97,15.52,15.52,20.69,13.79,25.86,18.97,15.52,24.14,15.52,18.97,27.59,32.76,18.97,27.59,24.14,25.86,18.97,22.41,100.0,27.59,18.97,12.07,32.76,17.24,22.41,25.86,18.97,8.62
"('Платье Milugion', 583905571)","{'description': 'легкое необычное платье ярких оттенков. сделает вас самой особенной и неповторимой. очень необычная ткань с 3d узором, новый тренд самых известных брендов.', 'Сезон': 'На любой сезон', 'Коллекция': 'Весна-лето 2022', 'Тип': 'Платье', 'Бренд в одежде и обуви': 'Milugion', 'Российский размер': '44', 'Пол': 'Женский', 'Страна-изготовитель': 'Россия', 'Вид принта': 'Геометрический', 'Вид одежды': nan, 'Размер производителя': '44', 'Длина изделия, см': '99', 'Цвет': 'Коралловый', 'Материал': ""['Вискоза', 'вискоза']"", 'Стиль': nan, 'Размер товара на фото': '42', 'Рост модели на фото': '175 см', 'Инструкция по уходу': 'Бережная стирка при 30 градусов', 'Тип застежки': 'Молния', 'Длина рукава': 'Короткий', 'Длина подола': 'укороченная модель', 'Талия': 'Стандартная', 'Тип упаковки одежды': 'Пакет', 'Рост': nan, 'Параметры модели на фото': '90/62/90', 'Количество в упаковке': 1.0, 'Серия в одежде и обуви': nan, 'Материал подклада/внутренней отделки': nan, 'Детали': nan, 'Вид спорта': 'Танцы'}",18.97,24.14,29.31,22.41,22.41,12.07,20.69,27.59,25.86,20.69,18.97,12.07,20.69,18.97,22.41,25.86,18.97,24.14,27.59,88.24,22.41,12.07,27.59,13.79,27.59,100.0,12.07,12.07,25.86,27.59,29.31,29.31,12.07,17.24
"('Платье', 647368057)","{'description': 'название ткани: хлопок<br>\nдлина юбки: длинная юбка<br>\nтип талии: свободная талия<br>\nсодержание основных ингредиентов ткани: 100%<br>\nсостав основной ткани 2: хлопок<br>\nсостав подкладки: хлопок<br>\nприменимая возрастная группа: взрослые<br>\nесли вы не удовлетворены этим продуктом после получения товара, пожалуйста, не спешите оставлять плохой отзыв, пожалуйста, свяжитесь с нами, мы дадим вам лучшее решение!', 'Сезон': 'Лето', 'Коллекция': 'Весна-лето 2022', 'Тип': 'Платье', 'Бренд в одежде и обуви': nan, 'Российский размер': '40', 'Пол': 'Женский', 'Страна-изготовитель': 'Китай', 'Вид принта': nan, 'Вид одежды': nan, 'Размер производителя': 'S', 'Длина изделия, см': nan, 'Цвет': 'Зеленый', 'Материал': ""['хлопок', 'Хлопок']"", 'Стиль': nan, 'Размер товара на фото': nan, 'Рост модели на фото': nan, 'Инструкция по уходу': nan, 'Тип застежки': nan, 'Длина рукава': 'Три четверти', 'Длина подола': nan, 'Талия': nan, 'Тип упаковки одежды': nan, 'Рост': nan, 'Параметры модели на фото': nan, 'Количество в упаковке': nan, 'Серия в одежде и обуви': nan, 'Материал подклада/внутренней отделки': nan, 'Детали': nan, 'Вид спорта': nan}",12.07,12.07,15.52,15.52,10.34,34.48,8.62,13.79,12.07,8.62,20.69,20.69,1.72,18.97,12.07,18.97,20.69,8.62,18.97,12.07,12.07,13.79,12.07,18.97,18.97,12.07,100.0,13.79,18.97,12.07,8.62,18.97,20.69,6.9
"('Платье', 647391400)","{'description': nan, 'Сезон': 'Весна', 'Коллекция': 'Весна-лето 2022', 'Тип': 'Платье', 'Бренд в одежде и обуви': nan, 'Российский размер': '46', 'Пол': 'Женский', 'Страна-изготовитель': 'Китай', 'Вид принта': nan, 'Вид одежды': nan, 'Размер производителя': 'XL', 'Длина изделия, см': nan, 'Цвет': 'Черный', 'Материал': ""['Полиэфирное волокно', 'Polyester fiber 91%-99%']"", 'Стиль': nan, 'Размер товара на фото': nan, 'Рост модели на фото': nan, 'Инструкция по уходу': nan, 'Тип застежки': nan, 'Длина рукава': nan, 'Длина подола': nan, 'Талия': nan, 'Тип упаковки одежды': nan, 'Рост': nan, 'Параметры модели на фото': nan, 'Количество в упаковке': nan, 'Серия в одежде и обуви': nan, 'Материал подклада/внутренней отделки': nan, 'Детали': nan, 'Вид спорта': nan}",13.79,27.59,8.62,8.62,22.41,13.79,24.14,25.86,12.07,8.62,13.79,27.59,15.52,27.59,12.07,25.86,13.79,8.62,12.07,12.07,13.79,20.69,25.86,13.79,12.07,12.07,13.79,100.0,25.86,12.07,8.62,12.07,15.52,5.17
"('Платье ZARKA', 264576616)","{'description': 'современный стиль - это смесь комфорта и красоты, индивидуальности и яркости. современные девушки предпочитают удобство, легкость движений и натуральные материалы. платье женское от бренда zarka соответствует всем этим требованиям. комфортное платье имеет прямой свободный крой и стильный разрез на подоле. платье сшито из самого качественного трикотажа – кулирки. она состоит из чистого хлопка и неимоверно приятно в носке. благодаря натуральному составу платье «дышит», не вызывает аллергий и раздражений. ткань износостойкая и легко переживет множество стирок и глажек. туника женская очень удобна и как платье на каждый день, и во время летних прогулок, пикников и веселых загородных поездок. чувствуйте себя комфортно и стильно, не теряя женственности и привлекательности. благодаря свободному крою и большой размерной сетке туника подойдет девушкам с любым типом фигуры и также будет очень удобным для беременных.', 'Сезон': 'Лето', 'Коллекция': 'Весна-лето 2022', 'Тип': 'Платье', 'Бренд в одежде и обуви': 'ZARKA', 'Российский размер': '52', 'Пол': 'Женский', 'Страна-изготовитель': 'Россия', 'Вид принта': 'Надписи', 'Вид одежды': 'прямая', 'Размер производителя': '52', 'Длина изделия, см': nan, 'Цвет': 'Черный', 'Материал': ""['трикотаж', 'Кулирная гладь', 'Хлопок 100%']"", 'Стиль': 'Повседневный', 'Размер товара на фото': '48', 'Рост модели на фото': '167 см', 'Инструкция по уходу': 'Бережная стирка при 30 градусах', 'Тип застежки': 'Без застежки', 'Длина рукава': 'Короткий', 'Длина подола': nan, 'Талия': 'Стандартная', 'Тип упаковки одежды': 'Пакет', 'Рост': '164-170', 'Параметры модели на фото': 'ОГ-106, ОТ-76, ОБ-108', 'Количество в упаковке': 1.0, 'Серия в одежде и обуви': nan, 'Материал подклада/внутренней отделки': 'Хлопок', 'Детали': 'Разрезы', 'Вид спорта': nan}",12.07,34.48,17.24,18.97,27.59,18.97,31.03,32.76,22.41,13.79,29.31,32.76,31.03,41.38,17.24,34.48,29.31,15.52,20.69,25.86,18.97,12.07,34.48,20.69,32.76,25.86,18.97,25.86,100.0,20.69,24.14,17.24,18.97,10.34
"('Платье ТВОЕ', 499925686)","{'description': 'стильное и комфортное платье изготовлено из мягкой, тактильно-приятной ткани. базовый элемент женского гардероба на каждый день.', 'Сезон': 'На любой сезон', 'Коллекция': 'Весна-лето 2022', 'Тип': 'Платье', 'Бренд в одежде и обуви': 'ТВОЕ', 'Российский размер': '48', 'Пол': 'Женский', 'Страна-изготовитель': 'Россия', 'Вид принта': 'Однотонный', 'Вид одежды': 'солнце', 'Размер производителя': 'L', 'Длина изделия, см': nan, 'Цвет': 'Темно-бежевый', 'Материал': ""['Полиэстер', '92% Полиэстер, 8% Лайкра', 'лен']"", 'Стиль': 'Повседневный', 'Размер товара на фото': '44', 'Рост модели на фото': '175 см', 'Инструкция по уходу': 'стирка при t не более 30С; щадящий режим отжима', 'Тип застежки': 'Без застежки', 'Длина рукава': 'Длинный', 'Длина подола': 'укороченная модель', 'Талия': 'Стандартная', 'Тип упаковки одежды': 'Пакет', 'Рост': nan, 'Параметры модели на фото': nan, 'Количество в упаковке': nan, 'Серия в одежде и обуви': nan, 'Материал подклада/внутренней отделки': nan, 'Детали': nan, 'Вид спорта': nan}",32.76,56.9,37.93,24.14,43.1,12.07,53.45,50.0,41.38,20.69,13.79,12.07,15.52,44.83,48.28,43.1,12.07,29.31,44.83,27.59,55.17,12.07,50.0,13.79,17.24,27.59,12.07,12.07,20.69,100.0,39.66,25.86,12.07,17.24
"('Туника IHOMELUX Женская коллекция', 281163410)","{'description': 'каждый девушке в гардеробе просто необходима одна универсальная вещь, в которой можно одновременно и с друзьями встретиться, и сходить на свидание. это платье-футболка отлично подходит для лета благодаря дышащему и легкому материалу (футер 2-х нитка). образ можно дополнять любыми аксессуарами, ведь простой крой и однотонность не создадут эффекта перенасыщения.', 'Сезон': 'На любой сезон', 'Коллекция': 'Базовая коллекция', 'Тип': 'Платье', 'Бренд в одежде и обуви': 'IHOMELUX', 'Российский размер': '54', 'Пол': 'Женский', 'Страна-изготовитель': 'Россия', 'Вид принта': 'Однотонный', 'Вид одежды': 'свободная модель', 'Размер производителя': nan, 'Длина изделия, см': '97', 'Цвет': 'Оливковый', 'Материал': ""['футер', 'Футер', 'хлопок 70%, полиэстер 24%, лайкра 6%']"", 'Стиль': 'Повседневный', 'Размер товара на фото': '44', 'Рост модели на фото': '174 см', 'Инструкция по уходу': nan, 'Тип застежки': 'Без застежки', 'Длина рукава': 'Короткий', 'Длина подола': 'средняя длина', 'Талия': 'Стандартная', 'Тип упаковки одежды': 'Пакет', 'Рост': nan, 'Параметры модели на фото': '91/64/93/174', 'Количество в упаковке': nan, 'Серия в одежде и обуви': 'Женская коллекция', 'Материал подклада/внутренней отделки': 'Без подклада', 'Детали': nan, 'Вид спорта': 'Танцы'}",29.31,41.38,37.93,37.93,36.21,8.62,41.38,36.21,37.93,22.41,17.24,10.34,27.59,32.76,36.21,37.93,15.52,25.86,37.93,29.31,39.66,8.62,37.93,10.34,22.41,29.31,8.62,8.62,24.14,39.66,100.0,20.69,8.62,13.79
"('Платье Fashion AnastatioN', 383468158)","{'description': 'платье, для которого всегда есть место в гардеробе и в жизни. элегантный лайфстайл для повседневных будней и особенных случаев. сдержано лаконично, но невероятно притягательно. длина миди. идет и юным девушкам, и респектабельным женщинам. приталенный лиф с круглым вырезом дополнили юбкой полусолнце. получилось женственно и утонченно. стиль кроется в деталях. талию подчеркнули монохромным пояском. при необходимости его можно менять на актуальные в этом сезоне ремешки. прямой рукав 3/4 завершили эффектной манжетой с небольшим разрезом. добавили боковые карманы для удобства. выполнено из монохромной вискозы с добавлением полиэстера. в носке не заминается. идеально для осени, зимы, весны. к этому платью легко добавить индивидуальности и цвета в виде дополнительных аксессуаров. импровизируйте, проявляя себя.', 'Сезон': 'На любой сезон', 'Коллекция': 'Весна-лето 2022', 'Тип': 'Платье', 'Бренд в одежде и обуви': 'Fashion AnastatioN', 'Российский размер': '44', 'Пол': 'Женский', 'Страна-изготовитель': 'Россия', 'Вид принта': nan, 'Вид одежды': 'полуприталенная', 'Размер производителя': 'M', 'Длина изделия, см': '102', 'Цвет': 'Фиолетовый', 'Материал': ""['туаль', 'лен', 'вискоз', 'полиэстер', 'полиэстер', '80% вискоза, 20% полиэстер']"", 'Стиль': nan, 'Размер товара на фото': '42', 'Рост модели на фото': '175 см', 'Инструкция по уходу': nan, 'Тип застежки': 'Пояс', 'Длина рукава': 'Три четверти', 'Длина подола': 'миди', 'Талия': 'Стандартная', 'Тип упаковки одежды': 'Пакет', 'Рост': '160-180', 'Параметры модели на фото': nan, 'Количество в упаковке': nan, 'Серия в одежде и обуви': nan, 'Материал подклада/внутренней отделки': nan, 'Детали': nan, 'Вид спорта': nan}",18.97,25.86,32.76,27.59,20.69,12.07,22.41,25.86,24.14,18.97,12.07,12.07,13.79,18.97,20.69,31.03,12.07,22.41,31.03,29.31,29.31,12.07,24.14,13.79,25.86,29.31,18.97,12.07,17.24,25.86,20.69,100.0,12.07,17.24
"('Платье', 655615593)","{'description': nan, 'Сезон': 'Лето', 'Коллекция': 'Весна-лето 2022', 'Тип': 'Платье', 'Бренд в одежде и обуви': nan, 'Российский размер': '46', 'Пол': 'Женский', 'Страна-изготовитель': 'Китай', 'Вид принта': nan, 'Вид одежды': nan, 'Размер производителя': 'CN L(Recommended weight between 55kg-60kg)', 'Длина изделия, см': nan, 'Цвет': 'Светло-бежевый', 'Материал': ""['Полиэстер', 'Polyester71%-80%']"", 'Стиль': nan, 'Размер товара на фото': nan, 'Рост модели на фото': nan, 'Инструкция по уходу': nan, 'Тип застежки': nan, 'Длина рукава': nan, 'Длина подола': nan, 'Талия': nan, 'Тип упаковки одежды': nan, 'Рост': nan, 'Параметры модели на фото': nan, 'Количество в упаковке': nan, 'Серия в одежде и обуви': nan, 'Материал подклада/внутренней отделки': nan, 'Детали': nan, 'Вид спорта': nan}",13.79,13.79,8.62,8.62,8.62,20.69,10.34,12.07,12.07,8.62,20.69,20.69,1.72,20.69,12.07,12.07,20.69,8.62,12.07,12.07,25.86,13.79,12.07,20.69,18.97,12.07,20.69,15.52,18.97,12.07,8.62,12.07,100.0,5.17
"('Сарафан POLNOLUNIE', 576808060)","{'description': 'платье-сарафан из лёгкого дышащего трикотажа. лямки декорированы лентами с ручными надписями.хорошо сочетается как с любой обувью, так и с разными поводами.фактура тонкая, но не прозрачная. мы рекомендуем надевать под низ гладкое нижнее белье, чтобы не отвлекать внимание лишними деталями.платье подойдёт как для ежедневной носки , так и для офиса.', 'Сезон': 'На любой сезон', 'Коллекция': 'Весна-лето 2022', 'Тип': 'Сарафан', 'Бренд в одежде и обуви': 'POLNOLUNIE', 'Российский размер': '44', 'Пол': 'Женский', 'Страна-изготовитель': 'Россия', 'Вид принта': nan, 'Вид одежды': nan, 'Размер производителя': 'S', 'Длина изделия, см': nan, 'Цвет': 'Серый', 'Материал': ""['лен', 'трикотаж', 'Хлопок 95%, Эластан 5%']"", 'Стиль': 'Повседневный', 'Размер товара на фото': nan, 'Рост модели на фото': nan, 'Инструкция по уходу': nan, 'Тип застежки': nan, 'Длина рукава': nan, 'Длина подола': nan, 'Талия': nan, 'Тип упаковки одежды': 'Пакет', 'Рост': nan, 'Параметры модели на фото': nan, 'Количество в упаковке': nan, 'Серия в одежде и обуви': nan, 'Материал подклада/внутренней отделки': nan, 'Детали': nan, 'Вид спорта': nan}",12.07,17.24,13.79,13.79,17.24,5.17,13.79,20.69,15.52,12.07,6.9,5.17,12.07,10.34,15.52,15.52,5.17,12.07,15.52,15.52,15.52,5.17,15.52,6.9,8.62,17.24,6.9,5.17,10.34,17.24,13.79,17.24,5.17,100.0
