name,Аккумуляторный бесщеточный воздуходув/пылесос Greenworks GD40BV (24227),Воздуходувка аккумуляторная Patriot CB215 21В UES (250205215),Аккумуляторная воздуходувка Metabo AG 18 (602242850),Воздуходувка аккумуляторная садовая Metabo LB 18 LTX BL (601607850),Аккумуляторная воздуходувка Husqvarna 436 LiB (9672524-02),Аккумуляторный воздуходув Greenworks G24AB (2402207),Воздуходувка Karcher BLV 36-240 Battery (1.444-170),Воздуходувка аккумуляторная Greenworks G40BK4 (2400807UВ),Воздуходувка бензировая Husqvarna 125 BVX Blower (9527156-45),Воздуходувка бензиновая Patriot BGK 345 (755100345),Воздуходувка бензиновая HUTER GB-26V (70/13/15),Сетевая воздуходувка HiKOKI RB40SANSZ,Электрическая воздуходувка Stanley STPT600-RU,Электрическая воздуходувка Patriot PT BV2000E (755302451),Электрическая воздуходувка Gardena ErgoJet 3000 (09332-20.000.00),Электрическая воздуходувка Makita UB1103,Садовый электрический воздуходув-пылесос Greenworks GBV2800 (2402707)
https://www.enkor24.ru/product/89699-akkumulyatornaya-gazonokosilka-greenworks-g40lm35k2-40v-2501907ua,27.27,18.18,18.18,18.18,18.18,27.27,36.36,27.27,0.0,0.0,0.0,0.0,0.0,0.0,0.0,0.0,9.09
https://www.enkor24.ru/product/98206-gazonokosilka-greenworks-40v-g-max-gd40lm46sp-bez-akb-i-zu-2506807,27.27,18.18,18.18,18.18,18.18,27.27,18.18,27.27,0.0,0.0,0.0,0.0,0.0,0.0,0.0,0.0,9.09
https://www.enkor24.ru/product/114544-akkumulyatornaya-gazonokosilka-huter-clm-36-li-70-4-10,18.18,18.18,18.18,36.36,18.18,18.18,18.18,36.36,0.0,18.18,0.0,0.0,0.0,0.0,0.0,0.0,0.0
https://www.enkor24.ru/product/77039-gazonokosilka-akkumulyatornaya-husqvarna-lc141li-9676284-01,18.18,18.18,18.18,18.18,27.27,18.18,18.18,18.18,9.09,0.0,0.0,0.0,0.0,0.0,0.0,0.0,0.0
https://www.enkor24.ru/product/109317-gazonokosilka-robot-husqvarna-automower-305-9679740-11,18.18,18.18,18.18,18.18,27.27,18.18,18.18,18.18,9.09,0.0,0.0,0.0,0.0,0.0,0.0,0.0,0.0
https://www.enkor24.ru/product/96234-akkumulyatornaya-gazonokosilka-greenworks-g40lm41-2504707,27.27,18.18,18.18,18.18,18.18,27.27,18.18,27.27,0.0,0.0,0.0,0.0,0.0,0.0,0.0,0.0,9.09
https://www.enkor24.ru/product/89680-akkumulyatornaya-gazonokosilka-greenworks-gd60lm46hpk4-60v-2502807ub,27.27,18.18,18.18,18.18,18.18,27.27,18.18,27.27,0.0,0.0,0.0,0.0,0.0,0.0,0.0,0.0,9.09
https://www.enkor24.ru/product/103964-gazonokosilka-akkumulyatornaya-greenworks-g40lm35-25000067va,27.27,18.18,18.18,36.36,18.18,27.27,18.18,45.45,0.0,0.0,0.0,0.0,0.0,0.0,18.18,0.0,9.09
https://www.enkor24.ru/product/108712-gazonokosilka-elektricheskaya-fubag-fel-33-31773,0.0,0.0,0.0,0.0,0.0,0.0,0.0,0.0,0.0,0.0,0.0,18.18,18.18,18.18,36.36,18.18,18.18
https://www.enkor24.ru/product/75796-elektricheskaya-gazonokosilka-huter-elm-1400-70-4-4,18.18,0.0,18.18,0.0,0.0,0.0,0.0,0.0,0.0,0.0,18.18,36.36,18.18,18.18,18.18,18.18,36.36
https://www.enkor24.ru/product/76595-elektricheskaya-gazonokosilka-patriot-pt-1433-e-512309216,18.18,9.09,18.18,0.0,0.0,0.0,0.0,0.0,0.0,9.09,18.18,36.36,18.18,27.27,18.18,18.18,36.36
https://www.enkor24.ru/product/96386-gazonokosilka-elektricheskaya-huter-elm-1800-70-4-5,18.18,0.0,18.18,0.0,0.0,0.0,0.0,0.0,0.0,0.0,18.18,36.36,18.18,18.18,18.18,18.18,36.36
https://www.enkor24.ru/product/96394-gazonokosilka-elektricheskaya-huter-elm-1400t-70-4-6,18.18,0.0,18.18,0.0,0.0,0.0,0.0,0.0,0.0,0.0,0.0,36.36,18.18,18.18,18.18,36.36,36.36
https://www.enkor24.ru/product/109975-gazonokosilka-elektricheskaya-greenworks-glm1241-1200vt-40sm-2505207,9.09,0.0,0.0,0.0,0.0,9.09,0.0,9.09,0.0,18.18,0.0,18.18,18.18,18.18,18.18,18.18,27.27
https://www.enkor24.ru/product/75815-elektricheskaya-gazonokosilka-huter-elm-1100-70-4-2,0.0,0.0,0.0,0.0,0.0,0.0,0.0,0.0,0.0,0.0,0.0,18.18,18.18,36.36,18.18,36.36,18.18
https://www.enkor24.ru/product/89668-elektricheskaya-gazonokosilka-greenworks-glm1232-2502207,27.27,0.0,18.18,0.0,0.0,9.09,0.0,9.09,0.0,0.0,0.0,36.36,18.18,18.18,18.18,36.36,45.45
https://www.enkor24.ru/product/103548-gazonokosilka-elektricheskaya-patriot-pt-1130-e-512309231,0.0,9.09,18.18,0.0,0.0,0.0,0.0,0.0,0.0,9.09,0.0,36.36,18.18,27.27,18.18,36.36,18.18
https://www.enkor24.ru/product/115573-elektricheskaya-gazonokosilka-huter-elm-1300-33-70-4-18,0.0,0.0,0.0,0.0,0.0,0.0,0.0,0.0,0.0,0.0,0.0,36.36,18.18,36.36,18.18,36.36,18.18